jeffrey.trevino2@gmail.com = jeffrey.trevino2@gmail.com <jeffrey.trevino2@gmail.com>
john = john <john>
josiah.oberholtzer = josiah.oberholtzer <josiah.oberholtzer>
josiah.oberholtzer@gmail.com = josiah.oberholtzer@gmail.com <josiah.oberholtzer@gmail.com>
root = root <root>
tbaca = tbaca <tbaca>
tom.stoll.home@gmail.com = tom.stoll.home@gmail.com <tom.stoll.home@gmail.com>
trevorbaca = trevorbaca <trevorbaca>
trevorbaca@gmail.com = trevorbaca@gmail.com <trevorbaca@gmail.com>
vadan = vadan <vadan>
vctradn = vctradn <vctradn>
vctradn@gmail.com = vctradn@gmail.com <vctradn@gmail.com>
